F_total,P_total,aggregated_report,candidate_count,condition_candidate_count,edge_candidate_count,fault_category,fault_kind,mutant_id,operator,primary_file,primary_line,reason,scoring_strategy,sfl_formula,status,strategy,subject,top1_budget,top1_sfl_hit,top1_sfl_region_lines,top1_unified_hit,top1_unified_region_lines,top2_budget,top2_sfl_hit,top2_sfl_region_lines,top2_unified_hit,top2_unified_region_lines,top3_budget,top3_sfl_hit,top3_sfl_region_lines,top3_unified_hit,top3_unified_region_lines,top_unified_items
1,29,/Users/jiazedong/WorkSpace/ZedResearch/CSC_EXT/project/CSC_EXPANDED/experiments/EX_CSC_dataset/rq_extension_a/RQ3-fault-localization/folded-replay-v2/artifacts/RQ3-fault-localization/BoundedIntPower_M1/cct_folded_localization_aggregated.json,2,1,1,condition,control-flow,BoundedIntPower_M1,BOR,BoundedIntPower/BoundedIntPower_M1.java,3,,coverage_x_purity,ochiai,evaluated,experimental.unified_folded_source_candidate,BoundedIntPower,1,False,[4],False,[4],2,True,"[3, 4]",True,"[3, 4]",2,True,"[3, 4]",True,"[3, 4]","[{'kind': 'edge_partition', 'source_file': 'BoundedIntPower/BoundedIntPower_M1.java', 'from_line': 3, 'from_condition': 'base > 5', 'outcome': 'true', 'to_line': None, 'to_condition': None, 'region_lines': [4], 'region_size': 1, 'risk_score': 0.5, 'base_risk_score': 0.5, 'pass_count': 1, 'fail_count': 1, 'support_count': 1, 'best_raw_rank': 1, 'original_rank': 1, 'rank': 1}, {'kind': 'condition', 'source_file': 'BoundedIntPower/BoundedIntPower_M1.java', 'line': 3, 'condition': 'base <= -5', 'region_lines': [3], 'region_size': 1, 'risk_score': 0.03333333333333333, 'pass_count': 29, 'fail_count': 1, 'support_count': 1, 'best_raw_rank': 1, 'original_rank': 1, 'rank': 2}]"
1,26,/Users/jiazedong/WorkSpace/ZedResearch/CSC_EXT/project/CSC_EXPANDED/experiments/EX_CSC_dataset/rq_extension_a/RQ3-fault-localization/folded-replay-v2/artifacts/RQ3-fault-localization/BoundedIntPower_M2/cct_folded_localization_aggregated.json,5,4,1,condition,control-flow,BoundedIntPower_M2,BOR,BoundedIntPower/BoundedIntPower_M2.java,6,,coverage_x_purity,ochiai,evaluated,experimental.unified_folded_source_candidate,BoundedIntPower,1,False,[7],False,[7],2,True,"[6, 7]",True,"[6, 7]",2,True,"[6, 7]",True,"[6, 7]","[{'kind': 'edge_partition', 'source_file': 'BoundedIntPower/BoundedIntPower_M2.java', 'from_line': 6, 'from_condition': 'exponent >= 8', 'outcome': 'true', 'to_line': None, 'to_condition': None, 'region_lines': [7], 'region_size': 1, 'risk_score': 0.5, 'base_risk_score': 0.5, 'pass_count': 1, 'fail_count': 1, 'support_count': 1, 'best_raw_rank': 1, 'original_rank': 1, 'rank': 1}, {'kind': 'condition', 'source_file': 'BoundedIntPower/BoundedIntPower_M2.java', 'line': 6, 'condition': 'exponent >= 8', 'region_lines': [6], 'region_size': 1, 'risk_score': 0.041666666666666664, 'pass_count': 23, 'fail_count': 1, 'support_count': 1, 'best_raw_rank': 1, 'original_rank': 1, 'rank': 2}, {'kind': 'condition', 'source_file': 'BoundedIntPower/BoundedIntPower_M2.java', 'line': 6, 'condition': 'exponent < 0', 'region_lines': [6], 'region_size': 1, 'risk_score': 0.04, 'pass_count': 24, 'fail_count': 1, 'support_count': 1, 'best_raw_rank': 2, 'original_rank': 2, 'rank': 3}]"
0,30,/Users/jiazedong/WorkSpace/ZedResearch/CSC_EXT/project/CSC_EXPANDED/experiments/EX_CSC_dataset/rq_extension_a/RQ3-fault-localization/folded-replay-v2/artifacts/RQ3-fault-localization/BoundedIntPower_M3/cct_folded_localization_aggregated.json,,,,condition,control-flow,BoundedIntPower_M3,ROR,,,folded_row_not_evaluated,coverage_x_purity,,not_detected,,BoundedIntPower,,,,,,,,,,,,,,,,
24,6,/Users/jiazedong/WorkSpace/ZedResearch/CSC_EXT/project/CSC_EXPANDED/experiments/EX_CSC_dataset/rq_extension_a/RQ3-fault-localization/folded-replay-v2/artifacts/RQ3-fault-localization/BoundedIntPower_M4/cct_folded_localization_aggregated.json,15,9,6,statement,data-flow,BoundedIntPower_M4,AOR,BoundedIntPower/BoundedIntPower_M4.java,25,,coverage_x_purity,ochiai,evaluated,experimental.unified_folded_source_candidate,BoundedIntPower,1,False,[17],False,[17],2,False,"[17, 18]",False,"[17, 18]",3,False,"[17, 18, 22]",False,"[17, 18, 24]","[{'kind': 'edge_partition', 'source_file': 'BoundedIntPower/BoundedIntPower_M4.java', 'from_line': 13, 'from_condition': 'base == 0', 'outcome': 'false', 'to_line': 18, 'to_condition': 'signedMode', 'region_lines': [17], 'region_size': 1, 'risk_score': 1.0, 'base_risk_score': 1.0, 'pass_count': 0, 'fail_count': 24, 'support_count': 1, 'best_raw_rank': 1, 'original_rank': 1, 'rank': 1}, {'kind': 'condition', 'source_file': 'BoundedIntPower/BoundedIntPower_M4.java', 'line': 18, 'condition': 'signedMode', 'region_lines': [18], 'region_size': 1, 'risk_score': 1.0, 'pass_count': 0, 'fail_count': 24, 'support_count': 1, 'best_raw_rank': 1, 'original_rank': 1, 'rank': 2}, {'kind': 'condition', 'source_file': 'BoundedIntPower/BoundedIntPower_M4.java', 'line': 24, 'condition': 'remaining > 0', 'region_lines': [24], 'region_size': 1, 'risk_score': 1.0, 'pass_count': 0, 'fail_count': 24, 'support_count': 1, 'best_raw_rank': 2, 'original_rank': 2, 'rank': 3}]"
12,6,/Users/jiazedong/WorkSpace/ZedResearch/CSC_EXT/project/CSC_EXPANDED/experiments/EX_CSC_dataset/rq_extension_a/RQ3-fault-localization/folded-replay-v2/artifacts/RQ3-fault-localization/BoundedIntPower_M5/cct_folded_localization_aggregated.json,15,9,6,statement,data-flow,BoundedIntPower_M5,SUR,BoundedIntPower/BoundedIntPower_M5.java,26,,coverage_x_purity,ochiai,evaluated,experimental.unified_folded_source_candidate,BoundedIntPower,1,False,[17],False,[17],2,False,"[17, 18]",False,"[17, 18]",3,False,"[17, 18, 22]",False,"[17, 18, 24]","[{'kind': 'edge_partition', 'source_file': 'BoundedIntPower/BoundedIntPower_M5.java', 'from_line': 13, 'from_condition': 'base == 0', 'outcome': 'false', 'to_line': 18, 'to_condition': 'signedMode', 'region_lines': [17], 'region_size': 1, 'risk_score': 1.0, 'base_risk_score': 1.0, 'pass_count': 0, 'fail_count': 12, 'support_count': 1, 'best_raw_rank': 1, 'original_rank': 1, 'rank': 1}, {'kind': 'condition', 'source_file': 'BoundedIntPower/BoundedIntPower_M5.java', 'line': 18, 'condition': 'signedMode', 'region_lines': [18], 'region_size': 1, 'risk_score': 1.0, 'pass_count': 0, 'fail_count': 12, 'support_count': 1, 'best_raw_rank': 1, 'original_rank': 1, 'rank': 2}, {'kind': 'condition', 'source_file': 'BoundedIntPower/BoundedIntPower_M5.java', 'line': 24, 'condition': 'remaining > 0', 'region_lines': [24], 'region_size': 1, 'risk_score': 1.0, 'pass_count': 0, 'fail_count': 12, 'support_count': 1, 'best_raw_rank': 2, 'original_rank': 2, 'rank': 3}]"
24,6,/Users/jiazedong/WorkSpace/ZedResearch/CSC_EXT/project/CSC_EXPANDED/experiments/EX_CSC_dataset/rq_extension_a/RQ3-fault-localization/folded-replay-v2/artifacts/RQ3-fault-localization/BoundedIntPower_M6/cct_folded_localization_aggregated.json,15,9,6,statement,data-flow,BoundedIntPower_M6,RVR,BoundedIntPower/BoundedIntPower_M6.java,28,,coverage_x_purity,ochiai,evaluated,experimental.unified_folded_source_candidate,BoundedIntPower,1,False,[17],False,[17],2,False,"[17, 18]",False,"[17, 18]",3,False,"[17, 18, 22]",False,"[17, 18, 24]","[{'kind': 'edge_partition', 'source_file': 'BoundedIntPower/BoundedIntPower_M6.java', 'from_line': 13, 'from_condition': 'base == 0', 'outcome': 'false', 'to_line': 18, 'to_condition': 'signedMode', 'region_lines': [17], 'region_size': 1, 'risk_score': 1.0, 'base_risk_score': 1.0, 'pass_count': 0, 'fail_count': 24, 'support_count': 1, 'best_raw_rank': 1, 'original_rank': 1, 'rank': 1}, {'kind': 'condition', 'source_file': 'BoundedIntPower/BoundedIntPower_M6.java', 'line': 18, 'condition': 'signedMode', 'region_lines': [18], 'region_size': 1, 'risk_score': 1.0, 'pass_count': 0, 'fail_count': 24, 'support_count': 1, 'best_raw_rank': 1, 'original_rank': 1, 'rank': 2}, {'kind': 'condition', 'source_file': 'BoundedIntPower/BoundedIntPower_M6.java', 'line': 24, 'condition': 'remaining > 0', 'region_lines': [24], 'region_size': 1, 'risk_score': 1.0, 'pass_count': 0, 'fail_count': 24, 'support_count': 1, 'best_raw_rank': 2, 'original_rank': 2, 'rank': 3}]"
1,36,/Users/jiazedong/WorkSpace/ZedResearch/CSC_EXT/project/CSC_EXPANDED/experiments/EX_CSC_dataset/rq_extension_a/RQ3-fault-localization/folded-replay-v2/artifacts/RQ3-fault-localization/SaturatedIntPower_M1/cct_folded_localization_aggregated.json,3,2,1,condition,control-flow,SaturatedIntPower_M1,BOR,SaturatedIntPower/SaturatedIntPower_M1.java,3,,coverage_x_purity,ochiai,evaluated,experimental.unified_folded_source_candidate,SaturatedIntPower,1,False,[4],False,[4],2,True,"[3, 4]",True,"[3, 4]",2,True,"[3, 4]",True,"[3, 4]","[{'kind': 'edge_partition', 'source_file': 'SaturatedIntPower/SaturatedIntPower_M1.java', 'from_line': 3, 'from_condition': 'base >= 5', 'outcome': 'true', 'to_line': None, 'to_condition': None, 'region_lines': [4], 'region_size': 1, 'risk_score': 0.5, 'base_risk_score': 0.5, 'pass_count': 1, 'fail_count': 1, 'support_count': 1, 'best_raw_rank': 1, 'original_rank': 1, 'rank': 1}, {'kind': 'condition', 'source_file': 'SaturatedIntPower/SaturatedIntPower_M1.java', 'line': 3, 'condition': 'base >= 5', 'region_lines': [3], 'region_size': 1, 'risk_score': 0.027777777777777776, 'pass_count': 35, 'fail_count': 1, 'support_count': 1, 'best_raw_rank': 1, 'original_rank': 1, 'rank': 2}, {'kind': 'condition', 'source_file': 'SaturatedIntPower/SaturatedIntPower_M1.java', 'line': 3, 'condition': 'base < -5', 'region_lines': [3], 'region_size': 1, 'risk_score': 0.02702702702702703, 'pass_count': 36, 'fail_count': 1, 'support_count': 1, 'best_raw_rank': 2, 'original_rank': 2, 'rank': 3}]"
19,19,/Users/jiazedong/WorkSpace/ZedResearch/CSC_EXT/project/CSC_EXPANDED/experiments/EX_CSC_dataset/rq_extension_a/RQ3-fault-localization/folded-replay-v2/artifacts/RQ3-fault-localization/SaturatedIntPower_M2/cct_folded_localization_aggregated.json,17,10,7,condition,control-flow,SaturatedIntPower_M2,ROR,SaturatedIntPower/SaturatedIntPower_M2.java,11,,coverage_x_purity,ochiai,evaluated,experimental.unified_folded_source_candidate,SaturatedIntPower,1,False,[23],False,[25],3,False,"[23, 24, 25]",False,"[23, 24, 25]",4,False,"[23, 24, 25, 26]",False,"[23, 24, 25, 29]","[{'kind': 'condition', 'source_file': 'SaturatedIntPower/SaturatedIntPower_M2.java', 'line': 25, 'condition': 'n > 0', 'region_lines': [25], 'region_size': 1, 'risk_score': 0.6333333333333333, 'pass_count': 11, 'fail_count': 19, 'support_count': 1, 'best_raw_rank': 1, 'original_rank': 1, 'rank': 1}, {'kind': 'edge_partition', 'source_file': 'SaturatedIntPower/SaturatedIntPower_M2.java', 'from_line': 19, 'from_condition': 'base == 0', 'outcome': 'false', 'to_line': 25, 'to_condition': 'n > 0', 'region_lines': [23, 24], 'region_size': 2, 'risk_score': 0.6333333333333333, 'base_risk_score': 0.6333333333333333, 'pass_count': 11, 'fail_count': 19, 'support_count': 1, 'best_raw_rank': 1, 'original_rank': 1, 'rank': 2}, {'kind': 'condition', 'source_file': 'SaturatedIntPower/SaturatedIntPower_M2.java', 'line': 29, 'condition': 'result > limit', 'region_lines': [29], 'region_size': 1, 'risk_score': 0.6333333333333333, 'pass_count': 11, 'fail_count': 19, 'support_count': 1, 'best_raw_rank': 2, 'original_rank': 2, 'rank': 3}]"
0,38,/Users/jiazedong/WorkSpace/ZedResearch/CSC_EXT/project/CSC_EXPANDED/experiments/EX_CSC_dataset/rq_extension_a/RQ3-fault-localization/folded-replay-v2/artifacts/RQ3-fault-localization/SaturatedIntPower_M3/cct_folded_localization_aggregated.json,,,,condition,control-flow,SaturatedIntPower_M3,BOR,,,folded_row_not_evaluated,coverage_x_purity,,not_detected,,SaturatedIntPower,,,,,,,,,,,,,,,,
8,30,/Users/jiazedong/WorkSpace/ZedResearch/CSC_EXT/project/CSC_EXPANDED/experiments/EX_CSC_dataset/rq_extension_a/RQ3-fault-localization/folded-replay-v2/artifacts/RQ3-fault-localization/SaturatedIntPower_M4/cct_folded_localization_aggregated.json,16,10,6,statement,data-flow,SaturatedIntPower_M4,CR,SaturatedIntPower/SaturatedIntPower_M4.java,10,,coverage_x_purity,ochiai,evaluated,experimental.unified_folded_source_candidate,SaturatedIntPower,1,False,[30],False,[30],2,False,"[23, 30]",False,"[25, 30]",3,False,"[23, 24, 30]",False,"[25, 29, 30]","[{'kind': 'edge_partition', 'source_file': 'SaturatedIntPower/SaturatedIntPower_M4.java', 'from_line': 29, 'from_condition': 'result > limit', 'outcome': 'true', 'to_line': None, 'to_condition': None, 'region_lines': [30], 'region_size': 1, 'risk_score': 0.3125, 'base_risk_score': 0.3125, 'pass_count': 5, 'fail_count': 5, 'support_count': 1, 'best_raw_rank': 1, 'original_rank': 1, 'rank': 1}, {'kind': 'condition', 'source_file': 'SaturatedIntPower/SaturatedIntPower_M4.java', 'line': 25, 'condition': 'n > 0', 'region_lines': [25], 'region_size': 1, 'risk_score': 0.26666666666666666, 'pass_count': 22, 'fail_count': 8, 'support_count': 1, 'best_raw_rank': 1, 'original_rank': 1, 'rank': 2}, {'kind': 'condition', 'source_file': 'SaturatedIntPower/SaturatedIntPower_M4.java', 'line': 29, 'condition': 'result > limit', 'region_lines': [29], 'region_size': 1, 'risk_score': 0.26666666666666666, 'pass_count': 22, 'fail_count': 8, 'support_count': 1, 'best_raw_rank': 2, 'original_rank': 2, 'rank': 3}]"
14,8,/Users/jiazedong/WorkSpace/ZedResearch/CSC_EXT/project/CSC_EXPANDED/experiments/EX_CSC_dataset/rq_extension_a/RQ3-fault-localization/folded-replay-v2/artifacts/RQ3-fault-localization/SaturatedIntPower_M5/cct_folded_localization_aggregated.json,16,10,6,statement,data-flow,SaturatedIntPower_M5,AOR,SaturatedIntPower/SaturatedIntPower_M5.java,26,,coverage_x_purity,ochiai,evaluated,experimental.unified_folded_source_candidate,SaturatedIntPower,1,False,[23],False,[25],2,False,"[23, 24]",False,"[25, 35]",3,False,"[23, 24, 25]",False,"[25, 29, 35]","[{'kind': 'condition', 'source_file': 'SaturatedIntPower/SaturatedIntPower_M5.java', 'line': 25, 'condition': 'n > 0', 'region_lines': [25], 'region_size': 1, 'risk_score': 1.0, 'pass_count': 0, 'fail_count': 14, 'support_count': 1, 'best_raw_rank': 1, 'original_rank': 1, 'rank': 1}, {'kind': 'edge_partition', 'source_file': 'SaturatedIntPower/SaturatedIntPower_M5.java', 'from_line': 32, 'from_condition': 'result < floor', 'outcome': 'false', 'to_line': None, 'to_condition': None, 'region_lines': [35], 'region_size': 1, 'risk_score': 1.0, 'base_risk_score': 1.0, 'pass_count': 0, 'fail_count': 14, 'support_count': 1, 'best_raw_rank': 1, 'original_rank': 1, 'rank': 2}, {'kind': 'condition', 'source_file': 'SaturatedIntPower/SaturatedIntPower_M5.java', 'line': 29, 'condition': 'result > limit', 'region_lines': [29], 'region_size': 1, 'risk_score': 1.0, 'pass_count': 0, 'fail_count': 14, 'support_count': 1, 'best_raw_rank': 2, 'original_rank': 2, 'rank': 3}]"
12,10,/Users/jiazedong/WorkSpace/ZedResearch/CSC_EXT/project/CSC_EXPANDED/experiments/EX_CSC_dataset/rq_extension_a/RQ3-fault-localization/folded-replay-v2/artifacts/RQ3-fault-localization/SaturatedIntPower_M6/cct_folded_localization_aggregated.json,18,10,8,statement,data-flow,SaturatedIntPower_M6,SUR,SaturatedIntPower/SaturatedIntPower_M6.java,27,,coverage_x_purity,ochiai,evaluated,experimental.unified_folded_source_candidate,SaturatedIntPower,1,False,[23],False,[25],3,False,"[23, 24, 25]",False,"[23, 24, 25]",4,False,"[23, 24, 25, 26]",False,"[23, 24, 25, 29]","[{'kind': 'condition', 'source_file': 'SaturatedIntPower/SaturatedIntPower_M6.java', 'line': 25, 'condition': 'n > 0', 'region_lines': [25], 'region_size': 1, 'risk_score': 0.8571428571428571, 'pass_count': 2, 'fail_count': 12, 'support_count': 1, 'best_raw_rank': 1, 'original_rank': 1, 'rank': 1}, {'kind': 'edge_partition', 'source_file': 'SaturatedIntPower/SaturatedIntPower_M6.java', 'from_line': 19, 'from_condition': 'base == 0', 'outcome': 'false', 'to_line': 25, 'to_condition': 'n > 0', 'region_lines': [23, 24], 'region_size': 2, 'risk_score': 0.8571428571428571, 'base_risk_score': 0.8571428571428571, 'pass_count': 2, 'fail_count': 12, 'support_count': 1, 'best_raw_rank': 1, 'original_rank': 1, 'rank': 2}, {'kind': 'condition', 'source_file': 'SaturatedIntPower/SaturatedIntPower_M6.java', 'line': 29, 'condition': 'result > limit', 'region_lines': [29], 'region_size': 1, 'risk_score': 0.8571428571428571, 'pass_count': 2, 'fail_count': 12, 'support_count': 1, 'best_raw_rank': 2, 'original_rank': 2, 'rank': 3}]"
1,50,/Users/jiazedong/WorkSpace/ZedResearch/CSC_EXT/project/CSC_EXPANDED/experiments/EX_CSC_dataset/rq_extension_a/RQ3-fault-localization/folded-replay-v2/artifacts/RQ3-fault-localization/BoundedPerfectNumber_M1/cct_folded_localization_aggregated.json,2,1,1,condition,control-flow,BoundedPerfectNumber_M1,BOR,BoundedPerfectNumber/BoundedPerfectNumber_M1.java,3,,coverage_x_purity,ochiai,evaluated,experimental.unified_folded_source_candidate,BoundedPerfectNumber,1,False,[4],False,[4],2,True,"[3, 4]",True,"[3, 4]",2,True,"[3, 4]",True,"[3, 4]","[{'kind': 'edge_partition', 'source_file': 'BoundedPerfectNumber/BoundedPerfectNumber_M1.java', 'from_line': 3, 'from_condition': 'number > 50', 'outcome': 'true', 'to_line': None, 'to_condition': None, 'region_lines': [4], 'region_size': 1, 'risk_score': 0.5, 'base_risk_score': 0.5, 'pass_count': 1, 'fail_count': 1, 'support_count': 1, 'best_raw_rank': 1, 'original_rank': 1, 'rank': 1}, {'kind': 'condition', 'source_file': 'BoundedPerfectNumber/BoundedPerfectNumber_M1.java', 'line': 3, 'condition': 'number <= 1', 'region_lines': [3], 'region_size': 1, 'risk_score': 0.0196078431372549, 'pass_count': 50, 'fail_count': 1, 'support_count': 1, 'best_raw_rank': 1, 'original_rank': 1, 'rank': 2}]"
3,49,/Users/jiazedong/WorkSpace/ZedResearch/CSC_EXT/project/CSC_EXPANDED/experiments/EX_CSC_dataset/rq_extension_a/RQ3-fault-localization/folded-replay-v2/artifacts/RQ3-fault-localization/BoundedPerfectNumber_M2/cct_folded_localization_aggregated.json,10,5,5,condition,control-flow,BoundedPerfectNumber_M2,BOR,BoundedPerfectNumber/BoundedPerfectNumber_M2.java,9,,coverage_x_purity,ochiai,evaluated,experimental.unified_folded_source_candidate,BoundedPerfectNumber,1,False,[17],False,[17],3,False,"[7, 8, 17]",False,"[11, 13, 17]",4,True,"[7, 8, 9, 17]",True,"[9, 11, 13, 17]","[{'kind': 'edge_partition', 'source_file': 'BoundedPerfectNumber/BoundedPerfectNumber_M2.java', 'from_line': 16, 'from_condition': 'sum == number', 'outcome': 'true', 'to_line': None, 'to_condition': None, 'region_lines': [17], 'region_size': 1, 'risk_score': 0.3333333333333333, 'base_risk_score': 0.3333333333333333, 'pass_count': 0, 'fail_count': 1, 'support_count': 1, 'best_raw_rank': 1, 'original_rank': 1, 'rank': 1}, {'kind': 'edge_partition', 'source_file': 'BoundedPerfectNumber/BoundedPerfectNumber_M2.java', 'from_line': 10, 'from_condition': 'number % i == 0', 'outcome': 'true', 'to_line': 9, 'to_condition': 'i <= number', 'region_lines': [11, 13], 'region_size': 2, 'risk_score': 0.06, 'base_risk_score': 0.06, 'pass_count': 47, 'fail_count': 3, 'support_count': 2, 'best_raw_rank': 3, 'original_rank': 2, 'rank': 2}, {'kind': 'condition', 'source_file': 'BoundedPerfectNumber/BoundedPerfectNumber_M2.java', 'line': 9, 'condition': 'i <= number', 'region_lines': [9], 'region_size': 1, 'risk_score': 0.06, 'pass_count': 47, 'fail_count': 3, 'support_count': 1, 'best_raw_rank': 1, 'original_rank': 1, 'rank': 3}]"
9,43,/Users/jiazedong/WorkSpace/ZedResearch/CSC_EXT/project/CSC_EXPANDED/experiments/EX_CSC_dataset/rq_extension_a/RQ3-fault-localization/folded-replay-v2/artifacts/RQ3-fault-localization/BoundedPerfectNumber_M3/cct_folded_localization_aggregated.json,9,5,4,condition,control-flow,BoundedPerfectNumber_M3,ROR,BoundedPerfectNumber/BoundedPerfectNumber_M3.java,16,,coverage_x_purity,ochiai,evaluated,experimental.unified_folded_source_candidate,BoundedPerfectNumber,1,False,[17],False,[17],3,False,"[10, 11, 17]",False,"[11, 13, 17]",3,False,"[10, 11, 17]",False,"[11, 13, 17]","[{'kind': 'edge_partition', 'source_file': 'BoundedPerfectNumber/BoundedPerfectNumber_M3.java', 'from_line': 16, 'from_condition': 'sum >= number', 'outcome': 'true', 'to_line': None, 'to_condition': None, 'region_lines': [17], 'region_size': 1, 'risk_score': 0.8181818181818182, 'base_risk_score': 0.8181818181818182, 'pass_count': 2, 'fail_count': 9, 'support_count': 1, 'best_raw_rank': 1, 'original_rank': 1, 'rank': 1}, {'kind': 'edge_partition', 'source_file': 'BoundedPerfectNumber/BoundedPerfectNumber_M3.java', 'from_line': 10, 'from_condition': 'number % i == 0', 'outcome': 'true', 'to_line': 9, 'to_condition': 'i < number', 'region_lines': [11, 13], 'region_size': 2, 'risk_score': 0.2647058823529412, 'base_risk_score': 0.2647058823529412, 'pass_count': 40, 'fail_count': 9, 'support_count': 2, 'best_raw_rank': 2, 'original_rank': 2, 'rank': 2}, {'kind': 'edge_partition', 'source_file': 'BoundedPerfectNumber/BoundedPerfectNumber_M3.java', 'from_line': 10, 'from_condition': 'number % i == 0', 'outcome': 'false', 'to_line': 9, 'to_condition': 'i < number', 'region_lines': [13], 'region_size': 1, 'risk_score': 0.2, 'base_risk_score': 0.2, 'pass_count': 39, 'fail_count': 9, 'support_count': 2, 'best_raw_rank': 3, 'original_rank': 3, 'rank': 3}]"
8,44,/Users/jiazedong/WorkSpace/ZedResearch/CSC_EXT/project/CSC_EXPANDED/experiments/EX_CSC_dataset/rq_extension_a/RQ3-fault-localization/folded-replay-v2/artifacts/RQ3-fault-localization/BoundedPerfectNumber_M4/cct_folded_localization_aggregated.json,10,5,5,statement,data-flow,BoundedPerfectNumber_M4,CR,BoundedPerfectNumber/BoundedPerfectNumber_M4.java,7,,coverage_x_purity,ochiai,evaluated,experimental.unified_folded_source_candidate,BoundedPerfectNumber,1,False,[17],False,[17],2,True,"[7, 17]",False,"[9, 17]",3,True,"[7, 8, 17]",False,"[9, 16, 17]","[{'kind': 'edge_partition', 'source_file': 'BoundedPerfectNumber/BoundedPerfectNumber_M4.java', 'from_line': 16, 'from_condition': 'sum == number', 'outcome': 'true', 'to_line': None, 'to_condition': None, 'region_lines': [17], 'region_size': 1, 'risk_score': 0.75, 'base_risk_score': 0.75, 'pass_count': 0, 'fail_count': 6, 'support_count': 1, 'best_raw_rank': 1, 'original_rank': 1, 'rank': 1}, {'kind': 'condition', 'source_file': 'BoundedPerfectNumber/BoundedPerfectNumber_M4.java', 'line': 9, 'condition': 'i < number', 'region_lines': [9], 'region_size': 1, 'risk_score': 0.16, 'pass_count': 42, 'fail_count': 8, 'support_count': 1, 'best_raw_rank': 1, 'original_rank': 1, 'rank': 2}, {'kind': 'condition', 'source_file': 'BoundedPerfectNumber/BoundedPerfectNumber_M4.java', 'line': 16, 'condition': 'sum == number', 'region_lines': [16], 'region_size': 1, 'risk_score': 0.16, 'pass_count': 42, 'fail_count': 8, 'support_count': 1, 'best_raw_rank': 2, 'original_rank': 2, 'rank': 3}]"
2,50,/Users/jiazedong/WorkSpace/ZedResearch/CSC_EXT/project/CSC_EXPANDED/experiments/EX_CSC_dataset/rq_extension_a/RQ3-fault-localization/folded-replay-v2/artifacts/RQ3-fault-localization/BoundedPerfectNumber_M5/cct_folded_localization_aggregated.json,9,5,4,statement,data-flow,BoundedPerfectNumber_M5,AOR,BoundedPerfectNumber/BoundedPerfectNumber_M5.java,11,,coverage_x_purity,ochiai,evaluated,experimental.unified_folded_source_candidate,BoundedPerfectNumber,2,True,"[10, 11]",True,"[11, 13]",2,True,"[10, 11]",True,"[11, 13]",3,True,"[10, 11, 13]",True,"[10, 11, 13]","[{'kind': 'edge_partition', 'source_file': 'BoundedPerfectNumber/BoundedPerfectNumber_M5.java', 'from_line': 10, 'from_condition': 'number % i == 0', 'outcome': 'true', 'to_line': 9, 'to_condition': 'i < number', 'region_lines': [11, 13], 'region_size': 2, 'risk_score': 0.058823529411764705, 'base_risk_score': 0.058823529411764705, 'pass_count': 47, 'fail_count': 2, 'support_count': 2, 'best_raw_rank': 1, 'original_rank': 1, 'rank': 1}, {'kind': 'edge_partition', 'source_file': 'BoundedPerfectNumber/BoundedPerfectNumber_M5.java', 'from_line': 10, 'from_condition': 'number % i == 0', 'outcome': 'false', 'to_line': 9, 'to_condition': 'i < number', 'region_lines': [13], 'region_size': 1, 'risk_score': 0.041666666666666664, 'base_risk_score': 0.041666666666666664, 'pass_count': 46, 'fail_count': 2, 'support_count': 2, 'best_raw_rank': 2, 'original_rank': 2, 'rank': 2}, {'kind': 'condition', 'source_file': 'BoundedPerfectNumber/BoundedPerfectNumber_M5.java', 'line': 10, 'condition': 'number % i == 0', 'region_lines': [10], 'region_size': 1, 'risk_score': 0.04081632653061224, 'pass_count': 47, 'fail_count': 2, 'support_count': 1, 'best_raw_rank': 1, 'original_rank': 1, 'rank': 3}]"
2,47,/Users/jiazedong/WorkSpace/ZedResearch/CSC_EXT/project/CSC_EXPANDED/experiments/EX_CSC_dataset/rq_extension_a/RQ3-fault-localization/folded-replay-v2/artifacts/RQ3-fault-localization/BoundedPerfectNumber_M6/cct_folded_localization_aggregated.json,9,5,4,statement,data-flow,BoundedPerfectNumber_M6,SUR,BoundedPerfectNumber/BoundedPerfectNumber_M6.java,13,,coverage_x_purity,ochiai,evaluated,experimental.unified_folded_source_candidate,BoundedPerfectNumber,2,False,"[10, 11]",True,"[11, 13]",2,False,"[10, 11]",True,"[11, 13]",3,True,"[10, 11, 13]",True,"[10, 11, 13]","[{'kind': 'edge_partition', 'source_file': 'BoundedPerfectNumber/BoundedPerfectNumber_M6.java', 'from_line': 10, 'from_condition': 'number % i == 0', 'outcome': 'true', 'to_line': 9, 'to_condition': 'i < number', 'region_lines': [11, 13], 'region_size': 2, 'risk_score': 0.06666666666666667, 'base_risk_score': 0.06666666666666667, 'pass_count': 44, 'fail_count': 2, 'support_count': 2, 'best_raw_rank': 1, 'original_rank': 1, 'rank': 1}, {'kind': 'edge_partition', 'source_file': 'BoundedPerfectNumber/BoundedPerfectNumber_M6.java', 'from_line': 10, 'from_condition': 'number % i == 0', 'outcome': 'false', 'to_line': 9, 'to_condition': 'i < number', 'region_lines': [13], 'region_size': 1, 'risk_score': 0.044444444444444446, 'base_risk_score': 0.044444444444444446, 'pass_count': 43, 'fail_count': 2, 'support_count': 2, 'best_raw_rank': 2, 'original_rank': 2, 'rank': 2}, {'kind': 'condition', 'source_file': 'BoundedPerfectNumber/BoundedPerfectNumber_M6.java', 'line': 10, 'condition': 'number % i == 0', 'region_lines': [10], 'region_size': 1, 'risk_score': 0.043478260869565216, 'pass_count': 44, 'fail_count': 2, 'support_count': 1, 'best_raw_rank': 1, 'original_rank': 1, 'rank': 3}]"
1,51,/Users/jiazedong/WorkSpace/ZedResearch/CSC_EXT/project/CSC_EXPANDED/experiments/EX_CSC_dataset/rq_extension_a/RQ3-fault-localization/folded-replay-v2/artifacts/RQ3-fault-localization/BoundedPronicNumber_M1/cct_folded_localization_aggregated.json,3,2,1,condition,control-flow,BoundedPronicNumber_M1,BOR,BoundedPronicNumber/BoundedPronicNumber_M1.java,3,,coverage_x_purity,ochiai,evaluated,experimental.unified_folded_source_candidate,BoundedPronicNumber,1,False,[4],False,[4],2,True,"[3, 4]",True,"[3, 4]",2,True,"[3, 4]",True,"[3, 4]","[{'kind': 'edge_partition', 'source_file': 'BoundedPronicNumber/BoundedPronicNumber_M1.java', 'from_line': 3, 'from_condition': 'number >= 50', 'outcome': 'true', 'to_line': None, 'to_condition': None, 'region_lines': [4], 'region_size': 1, 'risk_score': 0.5, 'base_risk_score': 0.5, 'pass_count': 1, 'fail_count': 1, 'support_count': 1, 'best_raw_rank': 1, 'original_rank': 1, 'rank': 1}, {'kind': 'condition', 'source_file': 'BoundedPronicNumber/BoundedPronicNumber_M1.java', 'line': 3, 'condition': 'number >= 50', 'region_lines': [3], 'region_size': 1, 'risk_score': 0.0196078431372549, 'pass_count': 50, 'fail_count': 1, 'support_count': 1, 'best_raw_rank': 1, 'original_rank': 1, 'rank': 2}, {'kind': 'condition', 'source_file': 'BoundedPronicNumber/BoundedPronicNumber_M1.java', 'line': 3, 'condition': 'number < 0', 'region_lines': [3], 'region_size': 1, 'risk_score': 0.019230769230769232, 'pass_count': 51, 'fail_count': 1, 'support_count': 1, 'best_raw_rank': 2, 'original_rank': 2, 'rank': 3}]"
0,53,/Users/jiazedong/WorkSpace/ZedResearch/CSC_EXT/project/CSC_EXPANDED/experiments/EX_CSC_dataset/rq_extension_a/RQ3-fault-localization/folded-replay-v2/artifacts/RQ3-fault-localization/BoundedPronicNumber_M2/cct_folded_localization_aggregated.json,,,,condition,control-flow,BoundedPronicNumber_M2,BOR,,,folded_row_not_evaluated,coverage_x_purity,,not_detected,,BoundedPronicNumber,,,,,,,,,,,,,,,,
1,3,/Users/jiazedong/WorkSpace/ZedResearch/CSC_EXT/project/CSC_EXPANDED/experiments/EX_CSC_dataset/rq_extension_a/RQ3-fault-localization/folded-replay-v2/artifacts/RQ3-fault-localization/BoundedPronicNumber_M3/cct_folded_localization_aggregated.json,8,6,2,condition,control-flow,BoundedPronicNumber_M3,LOR,BoundedPronicNumber/BoundedPronicNumber_M3.java,12,,coverage_x_purity,ochiai,evaluated,experimental.unified_folded_source_candidate,BoundedPronicNumber,1,False,[10],False,[10],2,False,"[10, 11]",False,"[10, 11]",3,True,"[10, 11, 12]",True,"[10, 11, 12]","[{'kind': 'edge_partition', 'source_file': 'BoundedPronicNumber/BoundedPronicNumber_M3.java', 'from_line': 6, 'from_condition': 'number == 0', 'outcome': 'false', 'to_line': 11, 'to_condition': 'i <= number', 'region_lines': [10], 'region_size': 1, 'risk_score': 1.0, 'base_risk_score': 1.0, 'pass_count': 0, 'fail_count': 1, 'support_count': 1, 'best_raw_rank': 1, 'original_rank': 1, 'rank': 1}, {'kind': 'condition', 'source_file': 'BoundedPronicNumber/BoundedPronicNumber_M3.java', 'line': 11, 'condition': 'i <= number', 'region_lines': [11], 'region_size': 1, 'risk_score': 1.0, 'pass_count': 0, 'fail_count': 1, 'support_count': 1, 'best_raw_rank': 1, 'original_rank': 1, 'rank': 2}, {'kind': 'condition', 'source_file': 'BoundedPronicNumber/BoundedPronicNumber_M3.java', 'line': 12, 'condition': 'i * (i + 1) == number', 'region_lines': [12], 'region_size': 1, 'risk_score': 1.0, 'pass_count': 0, 'fail_count': 1, 'support_count': 1, 'best_raw_rank': 2, 'original_rank': 2, 'rank': 3}]"
0,53,/Users/jiazedong/WorkSpace/ZedResearch/CSC_EXT/project/CSC_EXPANDED/experiments/EX_CSC_dataset/rq_extension_a/RQ3-fault-localization/folded-replay-v2/artifacts/RQ3-fault-localization/BoundedPronicNumber_M4/cct_folded_localization_aggregated.json,,,,statement,data-flow,BoundedPronicNumber_M4,CR,,,folded_row_not_evaluated,coverage_x_purity,,not_detected,,BoundedPronicNumber,,,,,,,,,,,,,,,,
12,41,/Users/jiazedong/WorkSpace/ZedResearch/CSC_EXT/project/CSC_EXPANDED/experiments/EX_CSC_dataset/rq_extension_a/RQ3-fault-localization/folded-replay-v2/artifacts/RQ3-fault-localization/BoundedPronicNumber_M5/cct_folded_localization_aggregated.json,10,6,4,condition,control-flow,BoundedPronicNumber_M5,AOR,BoundedPronicNumber/BoundedPronicNumber_M5.java,12,,coverage_x_purity,ochiai,evaluated,experimental.unified_folded_source_candidate,BoundedPronicNumber,1,False,[13],True,[12],2,False,"[10, 13]",True,"[12, 13]",3,False,"[10, 11, 13]",True,"[10, 12, 13]","[{'kind': 'condition', 'source_file': 'BoundedPronicNumber/BoundedPronicNumber_M5.java', 'line': 12, 'condition': 'i != number', 'region_lines': [12], 'region_size': 1, 'risk_score': 0.5, 'pass_count': 0, 'fail_count': 6, 'support_count': 1, 'best_raw_rank': 1, 'original_rank': 1, 'rank': 1}, {'kind': 'edge_partition', 'source_file': 'BoundedPronicNumber/BoundedPronicNumber_M5.java', 'from_line': 12, 'from_condition': 'i != number', 'outcome': 'true', 'to_line': None, 'to_condition': None, 'region_lines': [13], 'region_size': 1, 'risk_score': 0.5, 'base_risk_score': 0.5, 'pass_count': 0, 'fail_count': 6, 'support_count': 1, 'best_raw_rank': 1, 'original_rank': 1, 'rank': 2}, {'kind': 'edge_partition', 'source_file': 'BoundedPronicNumber/BoundedPronicNumber_M5.java', 'from_line': 6, 'from_condition': 'number == 0', 'outcome': 'false', 'to_line': 11, 'to_condition': 'i <= number', 'region_lines': [10], 'region_size': 1, 'risk_score': 0.24, 'base_risk_score': 0.24, 'pass_count': 38, 'fail_count': 12, 'support_count': 1, 'best_raw_rank': 2, 'original_rank': 2, 'rank': 3}]"
44,9,/Users/jiazedong/WorkSpace/ZedResearch/CSC_EXT/project/CSC_EXPANDED/experiments/EX_CSC_dataset/rq_extension_a/RQ3-fault-localization/folded-replay-v2/artifacts/RQ3-fault-localization/BoundedPronicNumber_M6/cct_folded_localization_aggregated.json,8,5,3,statement,data-flow,BoundedPronicNumber_M6,RVR,BoundedPronicNumber/BoundedPronicNumber_M6.java,17,,coverage_x_purity,ochiai,evaluated,experimental.unified_folded_source_candidate,BoundedPronicNumber,1,True,[17],True,[17],2,True,"[10, 17]",True,"[11, 17]",3,True,"[10, 11, 17]",True,"[10, 11, 17]","[{'kind': 'edge_partition', 'source_file': 'BoundedPronicNumber/BoundedPronicNumber_M6.java', 'from_line': 11, 'from_condition': 'i <= number', 'outcome': 'false', 'to_line': None, 'to_condition': None, 'region_lines': [17], 'region_size': 1, 'risk_score': 1.0, 'base_risk_score': 1.0, 'pass_count': 0, 'fail_count': 44, 'support_count': 1, 'best_raw_rank': 1, 'original_rank': 1, 'rank': 1}, {'kind': 'condition', 'source_file': 'BoundedPronicNumber/BoundedPronicNumber_M6.java', 'line': 11, 'condition': 'i <= number', 'region_lines': [11], 'region_size': 1, 'risk_score': 0.88, 'pass_count': 6, 'fail_count': 44, 'support_count': 1, 'best_raw_rank': 1, 'original_rank': 1, 'rank': 2}, {'kind': 'edge_partition', 'source_file': 'BoundedPronicNumber/BoundedPronicNumber_M6.java', 'from_line': 6, 'from_condition': 'number == 0', 'outcome': 'false', 'to_line': 11, 'to_condition': 'i <= number', 'region_lines': [10], 'region_size': 1, 'risk_score': 0.88, 'base_risk_score': 0.88, 'pass_count': 6, 'fail_count': 44, 'support_count': 1, 'best_raw_rank': 2, 'original_rank': 2, 'rank': 3}]"
1,48,/Users/jiazedong/WorkSpace/ZedResearch/CSC_EXT/project/CSC_EXPANDED/experiments/EX_CSC_dataset/rq_extension_a/RQ3-fault-localization/folded-replay-v2/artifacts/RQ3-fault-localization/BoundedAbundantNumber_M1/cct_folded_localization_aggregated.json,3,2,1,condition,control-flow,BoundedAbundantNumber_M1,BOR,BoundedAbundantNumber/BoundedAbundantNumber_M1.java,3,,coverage_x_purity,ochiai,evaluated,experimental.unified_folded_source_candidate,BoundedAbundantNumber,1,False,[4],False,[4],2,True,"[3, 4]",True,"[3, 4]",2,True,"[3, 4]",True,"[3, 4]","[{'kind': 'edge_partition', 'source_file': 'BoundedAbundantNumber/BoundedAbundantNumber_M1.java', 'from_line': 3, 'from_condition': 'number >= 50', 'outcome': 'true', 'to_line': None, 'to_condition': None, 'region_lines': [4], 'region_size': 1, 'risk_score': 0.5, 'base_risk_score': 0.5, 'pass_count': 1, 'fail_count': 1, 'support_count': 1, 'best_raw_rank': 1, 'original_rank': 1, 'rank': 1}, {'kind': 'condition', 'source_file': 'BoundedAbundantNumber/BoundedAbundantNumber_M1.java', 'line': 3, 'condition': 'number >= 50', 'region_lines': [3], 'region_size': 1, 'risk_score': 0.020833333333333332, 'pass_count': 47, 'fail_count': 1, 'support_count': 1, 'best_raw_rank': 1, 'original_rank': 1, 'rank': 2}, {'kind': 'condition', 'source_file': 'BoundedAbundantNumber/BoundedAbundantNumber_M1.java', 'line': 3, 'condition': 'number < 1', 'region_lines': [3], 'region_size': 1, 'risk_score': 0.02040816326530612, 'pass_count': 48, 'fail_count': 1, 'support_count': 1, 'best_raw_rank': 2, 'original_rank': 2, 'rank': 3}]"
7,41,/Users/jiazedong/WorkSpace/ZedResearch/CSC_EXT/project/CSC_EXPANDED/experiments/EX_CSC_dataset/rq_extension_a/RQ3-fault-localization/folded-replay-v2/artifacts/RQ3-fault-localization/BoundedAbundantNumber_M2/cct_folded_localization_aggregated.json,9,5,4,condition,control-flow,BoundedAbundantNumber_M2,BOR,BoundedAbundantNumber/BoundedAbundantNumber_M2.java,9,,coverage_x_purity,ochiai,evaluated,experimental.unified_folded_source_candidate,BoundedAbundantNumber,2,False,"[11, 19]",False,"[11, 13]",2,False,"[11, 19]",False,"[11, 13]",3,False,"[10, 11, 19]",False,"[11, 13, 19]","[{'kind': 'edge_partition', 'source_file': 'BoundedAbundantNumber/BoundedAbundantNumber_M2.java', 'from_line': 10, 'from_condition': 'number % i == 0', 'outcome': 'true', 'to_line': 9, 'to_condition': 'i < number / 2', 'region_lines': [11, 13], 'region_size': 2, 'risk_score': 0.3246753246753247, 'base_risk_score': 0.3246753246753247, 'pass_count': 26, 'fail_count': 7, 'support_count': 2, 'best_raw_rank': 1, 'original_rank': 1, 'rank': 1}, {'kind': 'edge_partition', 'source_file': 'BoundedAbundantNumber/BoundedAbundantNumber_M2.java', 'from_line': 10, 'from_condition': 'number % i == 0', 'outcome': 'false', 'to_line': 9, 'to_condition': 'i < number / 2', 'region_lines': [13], 'region_size': 1, 'risk_score': 0.175, 'base_risk_score': 0.175, 'pass_count': 38, 'fail_count': 7, 'support_count': 2, 'best_raw_rank': 3, 'original_rank': 2, 'rank': 2}, {'kind': 'edge_partition', 'source_file': 'BoundedAbundantNumber/BoundedAbundantNumber_M2.java', 'from_line': 16, 'from_condition': 'sum > 2 * number', 'outcome': 'false', 'to_line': None, 'to_condition': None, 'region_lines': [19], 'region_size': 1, 'risk_score': 0.1590909090909091, 'base_risk_score': 0.1590909090909091, 'pass_count': 37, 'fail_count': 7, 'support_count': 1, 'best_raw_rank': 4, 'original_rank': 3, 'rank': 3}]"
3,48,/Users/jiazedong/WorkSpace/ZedResearch/CSC_EXT/project/CSC_EXPANDED/experiments/EX_CSC_dataset/rq_extension_a/RQ3-fault-localization/folded-replay-v2/artifacts/RQ3-fault-localization/BoundedAbundantNumber_M3/cct_folded_localization_aggregated.json,9,5,4,condition,control-flow,BoundedAbundantNumber_M3,ROR,BoundedAbundantNumber/BoundedAbundantNumber_M3.java,16,,coverage_x_purity,ochiai,evaluated,experimental.unified_folded_source_candidate,BoundedAbundantNumber,1,False,[17],False,[17],2,False,"[7, 17]",False,"[9, 17]",3,False,"[7, 8, 17]",True,"[9, 16, 17]","[{'kind': 'edge_partition', 'source_file': 'BoundedAbundantNumber/BoundedAbundantNumber_M3.java', 'from_line': 16, 'from_condition': 'sum >= 2 * number', 'outcome': 'true', 'to_line': None, 'to_condition': None, 'region_lines': [17], 'region_size': 1, 'risk_score': 0.25, 'base_risk_score': 0.25, 'pass_count': 9, 'fail_count': 3, 'support_count': 1, 'best_raw_rank': 1, 'original_rank': 1, 'rank': 1}, {'kind': 'condition', 'source_file': 'BoundedAbundantNumber/BoundedAbundantNumber_M3.java', 'line': 9, 'condition': 'i <= number / 2', 'region_lines': [9], 'region_size': 1, 'risk_score': 0.061224489795918366, 'pass_count': 46, 'fail_count': 3, 'support_count': 1, 'best_raw_rank': 1, 'original_rank': 1, 'rank': 2}, {'kind': 'condition', 'source_file': 'BoundedAbundantNumber/BoundedAbundantNumber_M3.java', 'line': 16, 'condition': 'sum >= 2 * number', 'region_lines': [16], 'region_size': 1, 'risk_score': 0.061224489795918366, 'pass_count': 46, 'fail_count': 3, 'support_count': 1, 'best_raw_rank': 2, 'original_rank': 2, 'rank': 3}]"
0,50,/Users/jiazedong/WorkSpace/ZedResearch/CSC_EXT/project/CSC_EXPANDED/experiments/EX_CSC_dataset/rq_extension_a/RQ3-fault-localization/folded-replay-v2/artifacts/RQ3-fault-localization/BoundedAbundantNumber_M4/cct_folded_localization_aggregated.json,,,,statement,data-flow,BoundedAbundantNumber_M4,CR,,,folded_row_not_evaluated,coverage_x_purity,,not_detected,,BoundedAbundantNumber,,,,,,,,,,,,,,,,
9,41,/Users/jiazedong/WorkSpace/ZedResearch/CSC_EXT/project/CSC_EXPANDED/experiments/EX_CSC_dataset/rq_extension_a/RQ3-fault-localization/folded-replay-v2/artifacts/RQ3-fault-localization/BoundedAbundantNumber_M5/cct_folded_localization_aggregated.json,9,5,4,statement,data-flow,BoundedAbundantNumber_M5,AOR,BoundedAbundantNumber/BoundedAbundantNumber_M5.java,11,,coverage_x_purity,ochiai,evaluated,experimental.unified_folded_source_candidate,BoundedAbundantNumber,2,True,"[10, 11]",True,"[11, 13]",2,True,"[10, 11]",True,"[11, 13]",3,True,"[10, 11, 13]",True,"[10, 11, 13]","[{'kind': 'edge_partition', 'source_file': 'BoundedAbundantNumber/BoundedAbundantNumber_M5.java', 'from_line': 10, 'from_condition': 'number % i == 0', 'outcome': 'true', 'to_line': 9, 'to_condition': 'i <= number / 2', 'region_lines': [11, 13], 'region_size': 2, 'risk_score': 0.5625, 'base_risk_score': 0.5625, 'pass_count': 25, 'fail_count': 9, 'support_count': 2, 'best_raw_rank': 1, 'original_rank': 1, 'rank': 1}, {'kind': 'edge_partition', 'source_file': 'BoundedAbundantNumber/BoundedAbundantNumber_M5.java', 'from_line': 10, 'from_condition': 'number % i == 0', 'outcome': 'false', 'to_line': 9, 'to_condition': 'i <= number / 2', 'region_lines': [13], 'region_size': 1, 'risk_score': 0.21951219512195122, 'base_risk_score': 0.21951219512195122, 'pass_count': 38, 'fail_count': 9, 'support_count': 2, 'best_raw_rank': 3, 'original_rank': 2, 'rank': 2}, {'kind': 'condition', 'source_file': 'BoundedAbundantNumber/BoundedAbundantNumber_M5.java', 'line': 10, 'condition': 'number % i == 0', 'region_lines': [10], 'region_size': 1, 'risk_score': 0.19148936170212766, 'pass_count': 38, 'fail_count': 9, 'support_count': 1, 'best_raw_rank': 1, 'original_rank': 1, 'rank': 3}]"
4,34,/Users/jiazedong/WorkSpace/ZedResearch/CSC_EXT/project/CSC_EXPANDED/experiments/EX_CSC_dataset/rq_extension_a/RQ3-fault-localization/folded-replay-v2/artifacts/RQ3-fault-localization/BoundedAbundantNumber_M6/cct_folded_localization_aggregated.json,9,5,4,statement,data-flow,BoundedAbundantNumber_M6,SUR,BoundedAbundantNumber/BoundedAbundantNumber_M6.java,13,,coverage_x_purity,ochiai,evaluated,experimental.unified_folded_source_candidate,BoundedAbundantNumber,2,False,"[11, 19]",True,"[11, 13]",3,False,"[10, 11, 19]",True,"[11, 13, 19]",3,False,"[10, 11, 19]",True,"[11, 13, 19]","[{'kind': 'edge_partition', 'source_file': 'BoundedAbundantNumber/BoundedAbundantNumber_M6.java', 'from_line': 10, 'from_condition': 'number % i == 0', 'outcome': 'true', 'to_line': 9, 'to_condition': 'i <= number / 2', 'region_lines': [11, 13], 'region_size': 2, 'risk_score': 0.17391304347826086, 'base_risk_score': 0.17391304347826086, 'pass_count': 19, 'fail_count': 4, 'support_count': 2, 'best_raw_rank': 1, 'original_rank': 1, 'rank': 1}, {'kind': 'edge_partition', 'source_file': 'BoundedAbundantNumber/BoundedAbundantNumber_M6.java', 'from_line': 16, 'from_condition': 'sum > 2 * number', 'outcome': 'false', 'to_line': None, 'to_condition': None, 'region_lines': [19], 'region_size': 1, 'risk_score': 0.12903225806451613, 'base_risk_score': 0.12903225806451613, 'pass_count': 27, 'fail_count': 4, 'support_count': 1, 'best_raw_rank': 2, 'original_rank': 2, 'rank': 2}, {'kind': 'edge_partition', 'source_file': 'BoundedAbundantNumber/BoundedAbundantNumber_M6.java', 'from_line': 10, 'from_condition': 'number % i == 0', 'outcome': 'false', 'to_line': 9, 'to_condition': 'i <= number / 2', 'region_lines': [13], 'region_size': 1, 'risk_score': 0.11428571428571428, 'base_risk_score': 0.11428571428571428, 'pass_count': 31, 'fail_count': 4, 'support_count': 2, 'best_raw_rank': 3, 'original_rank': 3, 'rank': 3}]"
1,49,/Users/jiazedong/WorkSpace/ZedResearch/CSC_EXT/project/CSC_EXPANDED/experiments/EX_CSC_dataset/rq_extension_a/RQ3-fault-localization/folded-replay-v2/artifacts/RQ3-fault-localization/BoundedPrimeClassifier_M1/cct_folded_localization_aggregated.json,2,1,1,condition,control-flow,BoundedPrimeClassifier_M1,BOR,BoundedPrimeClassifier/BoundedPrimeClassifier_M1.java,3,,coverage_x_purity,ochiai,evaluated,experimental.unified_folded_source_candidate,BoundedPrimeClassifier,1,False,[4],False,[4],2,True,"[3, 4]",True,"[3, 4]",2,True,"[3, 4]",True,"[3, 4]","[{'kind': 'edge_partition', 'source_file': 'BoundedPrimeClassifier/BoundedPrimeClassifier_M1.java', 'from_line': 3, 'from_condition': 'number > 50', 'outcome': 'true', 'to_line': None, 'to_condition': None, 'region_lines': [4], 'region_size': 1, 'risk_score': 0.5, 'base_risk_score': 0.5, 'pass_count': 1, 'fail_count': 1, 'support_count': 1, 'best_raw_rank': 1, 'original_rank': 1, 'rank': 1}, {'kind': 'condition', 'source_file': 'BoundedPrimeClassifier/BoundedPrimeClassifier_M1.java', 'line': 3, 'condition': 'number <= 2', 'region_lines': [3], 'region_size': 1, 'risk_score': 0.02, 'pass_count': 49, 'fail_count': 1, 'support_count': 1, 'best_raw_rank': 1, 'original_rank': 1, 'rank': 2}]"
19,32,/Users/jiazedong/WorkSpace/ZedResearch/CSC_EXT/project/CSC_EXPANDED/experiments/EX_CSC_dataset/rq_extension_a/RQ3-fault-localization/folded-replay-v2/artifacts/RQ3-fault-localization/BoundedPrimeClassifier_M2/cct_folded_localization_aggregated.json,10,5,5,condition,control-flow,BoundedPrimeClassifier_M2,BOR,BoundedPrimeClassifier/BoundedPrimeClassifier_M2.java,8,,coverage_x_purity,ochiai,evaluated,experimental.unified_folded_source_candidate,BoundedPrimeClassifier,2,False,"[6, 7]",False,"[10, 12]",3,True,"[6, 7, 8]",True,"[8, 10, 12]",5,True,"[6, 7, 8, 9, 10]",True,"[6, 7, 8, 10, 12]","[{'kind': 'edge_partition', 'source_file': 'BoundedPrimeClassifier/BoundedPrimeClassifier_M2.java', 'from_line': 9, 'from_condition': 'number % divisor == 0', 'outcome': 'true', 'to_line': 8, 'to_condition': 'divisor < number', 'region_lines': [10, 12], 'region_size': 2, 'risk_score': 0.3877551020408163, 'base_risk_score': 0.3877551020408163, 'pass_count': 30, 'fail_count': 19, 'support_count': 2, 'best_raw_rank': 2, 'original_rank': 1, 'rank': 1}, {'kind': 'condition', 'source_file': 'BoundedPrimeClassifier/BoundedPrimeClassifier_M2.java', 'line': 8, 'condition': 'divisor < number', 'region_lines': [8], 'region_size': 1, 'risk_score': 0.3877551020408163, 'pass_count': 30, 'fail_count': 19, 'support_count': 1, 'best_raw_rank': 1, 'original_rank': 1, 'rank': 2}, {'kind': 'edge_partition', 'source_file': 'BoundedPrimeClassifier/BoundedPrimeClassifier_M2.java', 'from_line': 3, 'from_condition': 'number > 50', 'outcome': 'false', 'to_line': 8, 'to_condition': 'divisor < number', 'region_lines': [6, 7], 'region_size': 2, 'risk_score': 0.3877551020408163, 'base_risk_score': 0.3877551020408163, 'pass_count': 30, 'fail_count': 19, 'support_count': 1, 'best_raw_rank': 1, 'original_rank': 2, 'rank': 3}]"
34,17,/Users/jiazedong/WorkSpace/ZedResearch/CSC_EXT/project/CSC_EXPANDED/experiments/EX_CSC_dataset/rq_extension_a/RQ3-fault-localization/folded-replay-v2/artifacts/RQ3-fault-localization/BoundedPrimeClassifier_M3/cct_folded_localization_aggregated.json,9,5,4,condition,control-flow,BoundedPrimeClassifier_M3,ROR,BoundedPrimeClassifier/BoundedPrimeClassifier_M3.java,14,,coverage_x_purity,ochiai,evaluated,experimental.unified_folded_source_candidate,BoundedPrimeClassifier,2,False,"[6, 7]",False,"[10, 12]",2,False,"[6, 7]",False,"[10, 12]",3,False,"[6, 7, 8]",False,"[8, 10, 12]","[{'kind': 'edge_partition', 'source_file': 'BoundedPrimeClassifier/BoundedPrimeClassifier_M3.java', 'from_line': 9, 'from_condition': 'number % divisor == 0', 'outcome': 'true', 'to_line': 8, 'to_condition': 'divisor <= number', 'region_lines': [10, 12], 'region_size': 2, 'risk_score': 0.7083333333333334, 'base_risk_score': 0.7083333333333334, 'pass_count': 15, 'fail_count': 34, 'support_count': 2, 'best_raw_rank': 1, 'original_rank': 1, 'rank': 1}, {'kind': 'edge_partition', 'source_file': 'BoundedPrimeClassifier/BoundedPrimeClassifier_M3.java', 'from_line': 9, 'from_condition': 'number % divisor == 0', 'outcome': 'false', 'to_line': 8, 'to_condition': 'divisor <= number', 'region_lines': [12], 'region_size': 1, 'risk_score': 0.6938775510204082, 'base_risk_score': 0.6938775510204082, 'pass_count': 15, 'fail_count': 34, 'support_count': 2, 'best_raw_rank': 2, 'original_rank': 2, 'rank': 2}, {'kind': 'condition', 'source_file': 'BoundedPrimeClassifier/BoundedPrimeClassifier_M3.java', 'line': 8, 'condition': 'divisor <= number', 'region_lines': [8], 'region_size': 1, 'risk_score': 0.6938775510204082, 'pass_count': 15, 'fail_count': 34, 'support_count': 1, 'best_raw_rank': 1, 'original_rank': 1, 'rank': 3}]"
19,32,/Users/jiazedong/WorkSpace/ZedResearch/CSC_EXT/project/CSC_EXPANDED/experiments/EX_CSC_dataset/rq_extension_a/RQ3-fault-localization/folded-replay-v2/artifacts/RQ3-fault-localization/BoundedPrimeClassifier_M4/cct_folded_localization_aggregated.json,10,5,5,statement,data-flow,BoundedPrimeClassifier_M4,CR,BoundedPrimeClassifier/BoundedPrimeClassifier_M4.java,6,,coverage_x_purity,ochiai,evaluated,experimental.unified_folded_source_candidate,BoundedPrimeClassifier,1,True,[6],False,[12],2,True,"[6, 7]",False,"[8, 12]",3,True,"[6, 7, 8]",False,"[8, 9, 12]","[{'kind': 'edge_partition', 'source_file': 'BoundedPrimeClassifier/BoundedPrimeClassifier_M4.java', 'from_line': 9, 'from_condition': 'number % divisor == 0', 'outcome': 'false', 'to_line': 8, 'to_condition': 'divisor <= number', 'region_lines': [12], 'region_size': 1, 'risk_score': 0.3877551020408163, 'base_risk_score': 0.3877551020408163, 'pass_count': 30, 'fail_count': 19, 'support_count': 2, 'best_raw_rank': 1, 'original_rank': 1, 'rank': 1}, {'kind': 'condition', 'source_file': 'BoundedPrimeClassifier/BoundedPrimeClassifier_M4.java', 'line': 8, 'condition': 'divisor <= number', 'region_lines': [8], 'region_size': 1, 'risk_score': 0.3877551020408163, 'pass_count': 30, 'fail_count': 19, 'support_count': 1, 'best_raw_rank': 1, 'original_rank': 1, 'rank': 2}, {'kind': 'condition', 'source_file': 'BoundedPrimeClassifier/BoundedPrimeClassifier_M4.java', 'line': 9, 'condition': 'number % divisor == 0', 'region_lines': [9], 'region_size': 1, 'risk_score': 0.3877551020408163, 'pass_count': 30, 'fail_count': 19, 'support_count': 1, 'best_raw_rank': 2, 'original_rank': 2, 'rank': 3}]"
15,36,/Users/jiazedong/WorkSpace/ZedResearch/CSC_EXT/project/CSC_EXPANDED/experiments/EX_CSC_dataset/rq_extension_a/RQ3-fault-localization/folded-replay-v2/artifacts/RQ3-fault-localization/BoundedPrimeClassifier_M5/cct_folded_localization_aggregated.json,9,5,4,statement,data-flow,BoundedPrimeClassifier_M5,AOR,BoundedPrimeClassifier/BoundedPrimeClassifier_M5.java,10,,coverage_x_purity,ochiai,evaluated,experimental.unified_folded_source_candidate,BoundedPrimeClassifier,1,False,[6],False,[12],2,False,"[6, 7]",True,"[10, 12]",3,False,"[6, 7, 8]",True,"[8, 10, 12]","[{'kind': 'edge_partition', 'source_file': 'BoundedPrimeClassifier/BoundedPrimeClassifier_M5.java', 'from_line': 9, 'from_condition': 'number % divisor == 0', 'outcome': 'false', 'to_line': 8, 'to_condition': 'divisor <= number', 'region_lines': [12], 'region_size': 1, 'risk_score': 0.30612244897959184, 'base_risk_score': 0.30612244897959184, 'pass_count': 34, 'fail_count': 15, 'support_count': 2, 'best_raw_rank': 1, 'original_rank': 1, 'rank': 1}, {'kind': 'edge_partition', 'source_file': 'BoundedPrimeClassifier/BoundedPrimeClassifier_M5.java', 'from_line': 9, 'from_condition': 'number % divisor == 0', 'outcome': 'true', 'to_line': 8, 'to_condition': 'divisor <= number', 'region_lines': [10, 12], 'region_size': 2, 'risk_score': 0.30612244897959184, 'base_risk_score': 0.30612244897959184, 'pass_count': 34, 'fail_count': 15, 'support_count': 2, 'best_raw_rank': 4, 'original_rank': 2, 'rank': 2}, {'kind': 'condition', 'source_file': 'BoundedPrimeClassifier/BoundedPrimeClassifier_M5.java', 'line': 8, 'condition': 'divisor <= number', 'region_lines': [8], 'region_size': 1, 'risk_score': 0.30612244897959184, 'pass_count': 34, 'fail_count': 15, 'support_count': 1, 'best_raw_rank': 1, 'original_rank': 1, 'rank': 3}]"
16,35,/Users/jiazedong/WorkSpace/ZedResearch/CSC_EXT/project/CSC_EXPANDED/experiments/EX_CSC_dataset/rq_extension_a/RQ3-fault-localization/folded-replay-v2/artifacts/RQ3-fault-localization/BoundedPrimeClassifier_M6/cct_folded_localization_aggregated.json,10,5,5,statement,data-flow,BoundedPrimeClassifier_M6,SUR,BoundedPrimeClassifier/BoundedPrimeClassifier_M6.java,12,,coverage_x_purity,ochiai,evaluated,experimental.unified_folded_source_candidate,BoundedPrimeClassifier,1,False,[15],False,[15],3,False,"[6, 7, 15]",True,"[10, 12, 15]",4,False,"[6, 7, 8, 15]",True,"[8, 10, 12, 15]","[{'kind': 'edge_partition', 'source_file': 'BoundedPrimeClassifier/BoundedPrimeClassifier_M6.java', 'from_line': 14, 'from_condition': 'divisorCount == 2', 'outcome': 'true', 'to_line': None, 'to_condition': None, 'region_lines': [15], 'region_size': 1, 'risk_score': 0.4849137931034483, 'base_risk_score': 0.4849137931034483, 'pass_count': 14, 'fail_count': 15, 'support_count': 1, 'best_raw_rank': 1, 'original_rank': 1, 'rank': 1}, {'kind': 'edge_partition', 'source_file': 'BoundedPrimeClassifier/BoundedPrimeClassifier_M6.java', 'from_line': 9, 'from_condition': 'number % divisor == 0', 'outcome': 'true', 'to_line': 8, 'to_condition': 'divisor <= number', 'region_lines': [10, 12], 'region_size': 2, 'risk_score': 0.32703488372093026, 'base_risk_score': 0.32703488372093026, 'pass_count': 33, 'fail_count': 16, 'support_count': 2, 'best_raw_rank': 2, 'original_rank': 2, 'rank': 2}, {'kind': 'condition', 'source_file': 'BoundedPrimeClassifier/BoundedPrimeClassifier_M6.java', 'line': 8, 'condition': 'divisor <= number', 'region_lines': [8], 'region_size': 1, 'risk_score': 0.32653061224489793, 'pass_count': 33, 'fail_count': 16, 'support_count': 1, 'best_raw_rank': 1, 'original_rank': 1, 'rank': 3}]"
1,101,/Users/jiazedong/WorkSpace/ZedResearch/CSC_EXT/project/CSC_EXPANDED/experiments/EX_CSC_dataset/rq_extension_a/RQ3-fault-localization/folded-replay-v2/artifacts/RQ3-fault-localization/BoundedEvilNumber_M1/cct_folded_localization_aggregated.json,3,2,1,condition,control-flow,BoundedEvilNumber_M1,BOR,BoundedEvilNumber/BoundedEvilNumber_M1.java,3,,coverage_x_purity,ochiai,evaluated,experimental.unified_folded_source_candidate,BoundedEvilNumber,1,False,[4],False,[4],2,True,"[3, 4]",True,"[3, 4]",2,True,"[3, 4]",True,"[3, 4]","[{'kind': 'edge_partition', 'source_file': 'BoundedEvilNumber/BoundedEvilNumber_M1.java', 'from_line': 3, 'from_condition': 'number >= 100', 'outcome': 'true', 'to_line': None, 'to_condition': None, 'region_lines': [4], 'region_size': 1, 'risk_score': 0.5, 'base_risk_score': 0.5, 'pass_count': 1, 'fail_count': 1, 'support_count': 1, 'best_raw_rank': 1, 'original_rank': 1, 'rank': 1}, {'kind': 'condition', 'source_file': 'BoundedEvilNumber/BoundedEvilNumber_M1.java', 'line': 3, 'condition': 'number >= 100', 'region_lines': [3], 'region_size': 1, 'risk_score': 0.009900990099009901, 'pass_count': 100, 'fail_count': 1, 'support_count': 1, 'best_raw_rank': 1, 'original_rank': 1, 'rank': 2}, {'kind': 'condition', 'source_file': 'BoundedEvilNumber/BoundedEvilNumber_M1.java', 'line': 3, 'condition': 'number < 0', 'region_lines': [3], 'region_size': 1, 'risk_score': 0.00980392156862745, 'pass_count': 101, 'fail_count': 1, 'support_count': 1, 'best_raw_rank': 2, 'original_rank': 2, 'rank': 3}]"
58,45,/Users/jiazedong/WorkSpace/ZedResearch/CSC_EXT/project/CSC_EXPANDED/experiments/EX_CSC_dataset/rq_extension_a/RQ3-fault-localization/folded-replay-v2/artifacts/RQ3-fault-localization/BoundedEvilNumber_M2/cct_folded_localization_aggregated.json,11,6,5,condition,control-flow,BoundedEvilNumber_M2,ROR,BoundedEvilNumber/BoundedEvilNumber_M2.java,14,,coverage_x_purity,ochiai,evaluated,experimental.unified_folded_source_candidate,BoundedEvilNumber,1,False,[13],False,[17],2,True,"[13, 14]",False,"[13, 17]",3,True,"[13, 14, 17]",True,"[13, 14, 17]","[{'kind': 'edge_partition', 'source_file': 'BoundedEvilNumber/BoundedEvilNumber_M2.java', 'from_line': 14, 'from_condition': 'temp % 2 != 1', 'outcome': 'false', 'to_line': 13, 'to_condition': 'temp > 0', 'region_lines': [17], 'region_size': 1, 'risk_score': 0.6379310344827587, 'base_risk_score': 0.6379310344827587, 'pass_count': 42, 'fail_count': 58, 'support_count': 2, 'best_raw_rank': 1, 'original_rank': 1, 'rank': 1}, {'kind': 'condition', 'source_file': 'BoundedEvilNumber/BoundedEvilNumber_M2.java', 'line': 13, 'condition': 'temp > 0', 'region_lines': [13], 'region_size': 1, 'risk_score': 0.58, 'pass_count': 42, 'fail_count': 58, 'support_count': 1, 'best_raw_rank': 1, 'original_rank': 1, 'rank': 2}, {'kind': 'condition', 'source_file': 'BoundedEvilNumber/BoundedEvilNumber_M2.java', 'line': 14, 'condition': 'temp % 2 != 1', 'region_lines': [14], 'region_size': 1, 'risk_score': 0.58, 'pass_count': 42, 'fail_count': 58, 'support_count': 1, 'best_raw_rank': 2, 'original_rank': 2, 'rank': 3}]"
100,3,/Users/jiazedong/WorkSpace/ZedResearch/CSC_EXT/project/CSC_EXPANDED/experiments/EX_CSC_dataset/rq_extension_a/RQ3-fault-localization/folded-replay-v2/artifacts/RQ3-fault-localization/BoundedEvilNumber_M3/cct_folded_localization_aggregated.json,11,6,5,condition,control-flow,BoundedEvilNumber_M3,ROR,BoundedEvilNumber/BoundedEvilNumber_M3.java,20,,coverage_x_purity,ochiai,evaluated,experimental.unified_folded_source_candidate,BoundedEvilNumber,1,False,[13],False,[13],2,False,"[13, 14]",False,"[13, 17]",3,False,"[13, 14, 15]",False,"[13, 14, 17]","[{'kind': 'condition', 'source_file': 'BoundedEvilNumber/BoundedEvilNumber_M3.java', 'line': 13, 'condition': 'temp > 0', 'region_lines': [13], 'region_size': 1, 'risk_score': 1.0, 'pass_count': 0, 'fail_count': 100, 'support_count': 1, 'best_raw_rank': 1, 'original_rank': 1, 'rank': 1}, {'kind': 'edge_partition', 'source_file': 'BoundedEvilNumber/BoundedEvilNumber_M3.java', 'from_line': 14, 'from_condition': 'temp % 2 == 1', 'outcome': 'false', 'to_line': 13, 'to_condition': 'temp > 0', 'region_lines': [17], 'region_size': 1, 'risk_score': 1.0, 'base_risk_score': 1.0, 'pass_count': 0, 'fail_count': 100, 'support_count': 1, 'best_raw_rank': 1, 'original_rank': 1, 'rank': 2}, {'kind': 'condition', 'source_file': 'BoundedEvilNumber/BoundedEvilNumber_M3.java', 'line': 14, 'condition': 'temp % 2 == 1', 'region_lines': [14], 'region_size': 1, 'risk_score': 1.0, 'pass_count': 0, 'fail_count': 100, 'support_count': 1, 'best_raw_rank': 2, 'original_rank': 2, 'rank': 3}]"
100,3,/Users/jiazedong/WorkSpace/ZedResearch/CSC_EXT/project/CSC_EXPANDED/experiments/EX_CSC_dataset/rq_extension_a/RQ3-fault-localization/folded-replay-v2/artifacts/RQ3-fault-localization/BoundedEvilNumber_M4/cct_folded_localization_aggregated.json,11,6,5,statement,data-flow,BoundedEvilNumber_M4,CR,BoundedEvilNumber/BoundedEvilNumber_M4.java,8,,coverage_x_purity,ochiai,evaluated,experimental.unified_folded_source_candidate,BoundedEvilNumber,1,False,[13],False,[13],2,False,"[13, 14]",False,"[13, 17]",3,False,"[13, 14, 15]",False,"[13, 14, 17]","[{'kind': 'condition', 'source_file': 'BoundedEvilNumber/BoundedEvilNumber_M4.java', 'line': 13, 'condition': 'temp > 0', 'region_lines': [13], 'region_size': 1, 'risk_score': 1.0, 'pass_count': 0, 'fail_count': 100, 'support_count': 1, 'best_raw_rank': 1, 'original_rank': 1, 'rank': 1}, {'kind': 'edge_partition', 'source_file': 'BoundedEvilNumber/BoundedEvilNumber_M4.java', 'from_line': 14, 'from_condition': 'temp % 2 == 1', 'outcome': 'false', 'to_line': 13, 'to_condition': 'temp > 0', 'region_lines': [17], 'region_size': 1, 'risk_score': 1.0, 'base_risk_score': 1.0, 'pass_count': 0, 'fail_count': 100, 'support_count': 1, 'best_raw_rank': 1, 'original_rank': 1, 'rank': 2}, {'kind': 'condition', 'source_file': 'BoundedEvilNumber/BoundedEvilNumber_M4.java', 'line': 14, 'condition': 'temp % 2 == 1', 'region_lines': [14], 'region_size': 1, 'risk_score': 1.0, 'pass_count': 0, 'fail_count': 100, 'support_count': 1, 'best_raw_rank': 2, 'original_rank': 2, 'rank': 3}]"
51,52,/Users/jiazedong/WorkSpace/ZedResearch/CSC_EXT/project/CSC_EXPANDED/experiments/EX_CSC_dataset/rq_extension_a/RQ3-fault-localization/folded-replay-v2/artifacts/RQ3-fault-localization/BoundedEvilNumber_M5/cct_folded_localization_aggregated.json,10,6,4,statement,data-flow,BoundedEvilNumber_M5,AOR,BoundedEvilNumber/BoundedEvilNumber_M5.java,15,,coverage_x_purity,ochiai,evaluated,experimental.unified_folded_source_candidate,BoundedEvilNumber,1,False,[13],False,[13],2,False,"[13, 14]",False,"[13, 17]",3,True,"[13, 14, 15]",False,"[13, 14, 17]","[{'kind': 'condition', 'source_file': 'BoundedEvilNumber/BoundedEvilNumber_M5.java', 'line': 13, 'condition': 'temp > 0', 'region_lines': [13], 'region_size': 1, 'risk_score': 0.51, 'pass_count': 49, 'fail_count': 51, 'support_count': 1, 'best_raw_rank': 1, 'original_rank': 1, 'rank': 1}, {'kind': 'edge_partition', 'source_file': 'BoundedEvilNumber/BoundedEvilNumber_M5.java', 'from_line': 14, 'from_condition': 'temp % 2 == 1', 'outcome': 'false', 'to_line': 13, 'to_condition': 'temp > 0', 'region_lines': [17], 'region_size': 1, 'risk_score': 0.51, 'base_risk_score': 0.51, 'pass_count': 49, 'fail_count': 51, 'support_count': 1, 'best_raw_rank': 1, 'original_rank': 1, 'rank': 2}, {'kind': 'condition', 'source_file': 'BoundedEvilNumber/BoundedEvilNumber_M5.java', 'line': 14, 'condition': 'temp % 2 == 1', 'region_lines': [14], 'region_size': 1, 'risk_score': 0.51, 'pass_count': 49, 'fail_count': 51, 'support_count': 1, 'best_raw_rank': 2, 'original_rank': 2, 'rank': 3}]"
26,15,/Users/jiazedong/WorkSpace/ZedResearch/CSC_EXT/project/CSC_EXPANDED/experiments/EX_CSC_dataset/rq_extension_a/RQ3-fault-localization/folded-replay-v2/artifacts/RQ3-fault-localization/BoundedEvilNumber_M6/cct_folded_localization_aggregated.json,11,6,5,statement,data-flow,BoundedEvilNumber_M6,AOR,BoundedEvilNumber/BoundedEvilNumber_M6.java,17,,coverage_x_purity,ochiai,evaluated,experimental.unified_folded_source_candidate,BoundedEvilNumber,1,False,[13],False,[13],2,False,"[13, 14]",True,"[13, 17]",3,True,"[13, 14, 17]",True,"[13, 14, 17]","[{'kind': 'condition', 'source_file': 'BoundedEvilNumber/BoundedEvilNumber_M6.java', 'line': 13, 'condition': 'temp > 0', 'region_lines': [13], 'region_size': 1, 'risk_score': 0.6842105263157895, 'pass_count': 12, 'fail_count': 26, 'support_count': 1, 'best_raw_rank': 1, 'original_rank': 1, 'rank': 1}, {'kind': 'edge_partition', 'source_file': 'BoundedEvilNumber/BoundedEvilNumber_M6.java', 'from_line': 14, 'from_condition': 'temp % 2 == 1', 'outcome': 'false', 'to_line': 13, 'to_condition': 'temp > 0', 'region_lines': [17], 'region_size': 1, 'risk_score': 0.6842105263157895, 'base_risk_score': 0.6842105263157895, 'pass_count': 12, 'fail_count': 26, 'support_count': 1, 'best_raw_rank': 1, 'original_rank': 1, 'rank': 2}, {'kind': 'condition', 'source_file': 'BoundedEvilNumber/BoundedEvilNumber_M6.java', 'line': 14, 'condition': 'temp % 2 == 1', 'region_lines': [14], 'region_size': 1, 'risk_score': 0.6842105263157895, 'pass_count': 12, 'fail_count': 26, 'support_count': 1, 'best_raw_rank': 2, 'original_rank': 2, 'rank': 3}]"
1,171,/Users/jiazedong/WorkSpace/ZedResearch/CSC_EXT/project/CSC_EXPANDED/experiments/EX_CSC_dataset/rq_extension_a/RQ3-fault-localization/folded-replay-v2/artifacts/RQ3-fault-localization/BoundedKrishnamurthyNumber_M1/cct_folded_localization_aggregated.json,2,1,1,condition,control-flow,BoundedKrishnamurthyNumber_M1,BOR,BoundedKrishnamurthyNumber/BoundedKrishnamurthyNumber_M1.java,3,,coverage_x_purity,ochiai,evaluated,experimental.unified_folded_source_candidate,BoundedKrishnamurthyNumber,1,False,[4],False,[4],2,True,"[3, 4]",True,"[3, 4]",2,True,"[3, 4]",True,"[3, 4]","[{'kind': 'edge_partition', 'source_file': 'BoundedKrishnamurthyNumber/BoundedKrishnamurthyNumber_M1.java', 'from_line': 3, 'from_condition': 'number > 200', 'outcome': 'true', 'to_line': None, 'to_condition': None, 'region_lines': [4], 'region_size': 1, 'risk_score': 0.5, 'base_risk_score': 0.5, 'pass_count': 1, 'fail_count': 1, 'support_count': 1, 'best_raw_rank': 1, 'original_rank': 1, 'rank': 1}, {'kind': 'condition', 'source_file': 'BoundedKrishnamurthyNumber/BoundedKrishnamurthyNumber_M1.java', 'line': 3, 'condition': 'number <= 1', 'region_lines': [3], 'region_size': 1, 'risk_score': 0.005813953488372093, 'pass_count': 171, 'fail_count': 1, 'support_count': 1, 'best_raw_rank': 1, 'original_rank': 1, 'rank': 2}]"
3,137,/Users/jiazedong/WorkSpace/ZedResearch/CSC_EXT/project/CSC_EXPANDED/experiments/EX_CSC_dataset/rq_extension_a/RQ3-fault-localization/folded-replay-v2/artifacts/RQ3-fault-localization/BoundedKrishnamurthyNumber_M2/cct_folded_localization_aggregated.json,11,5,6,condition,control-flow,BoundedKrishnamurthyNumber_M2,BOR,BoundedKrishnamurthyNumber/BoundedKrishnamurthyNumber_M2.java,13,,coverage_x_purity,ochiai,evaluated,experimental.unified_folded_source_candidate,BoundedKrishnamurthyNumber,1,False,[22],False,[22],2,False,"[7, 22]",False,"[9, 22]",3,False,"[7, 8, 22]",True,"[9, 13, 22]","[{'kind': 'edge_partition', 'source_file': 'BoundedKrishnamurthyNumber/BoundedKrishnamurthyNumber_M2.java', 'from_line': 21, 'from_condition': 'sum == original', 'outcome': 'true', 'to_line': None, 'to_condition': None, 'region_lines': [22], 'region_size': 1, 'risk_score': 0.16666666666666666, 'base_risk_score': 0.16666666666666666, 'pass_count': 1, 'fail_count': 1, 'support_count': 1, 'best_raw_rank': 1, 'original_rank': 1, 'rank': 1}, {'kind': 'condition', 'source_file': 'BoundedKrishnamurthyNumber/BoundedKrishnamurthyNumber_M2.java', 'line': 9, 'condition': 'number > 0', 'region_lines': [9], 'region_size': 1, 'risk_score': 0.021739130434782608, 'pass_count': 135, 'fail_count': 3, 'support_count': 1, 'best_raw_rank': 1, 'original_rank': 1, 'rank': 2}, {'kind': 'condition', 'source_file': 'BoundedKrishnamurthyNumber/BoundedKrishnamurthyNumber_M2.java', 'line': 13, 'condition': 'factor < digit', 'region_lines': [13], 'region_size': 1, 'risk_score': 0.021739130434782608, 'pass_count': 135, 'fail_count': 3, 'support_count': 1, 'best_raw_rank': 2, 'original_rank': 2, 'rank': 3}]"
133,40,/Users/jiazedong/WorkSpace/ZedResearch/CSC_EXT/project/CSC_EXPANDED/experiments/EX_CSC_dataset/rq_extension_a/RQ3-fault-localization/folded-replay-v2/artifacts/RQ3-fault-localization/BoundedKrishnamurthyNumber_M3/cct_folded_localization_aggregated.json,10,5,5,condition,control-flow,BoundedKrishnamurthyNumber_M3,ROR,BoundedKrishnamurthyNumber/BoundedKrishnamurthyNumber_M3.java,21,,coverage_x_purity,ochiai,evaluated,experimental.unified_folded_source_candidate,BoundedKrishnamurthyNumber,1,False,[22],False,[22],3,False,"[14, 15, 22]",False,"[14, 15, 22]",4,False,"[7, 14, 15, 22]",False,"[9, 14, 15, 22]","[{'kind': 'edge_partition', 'source_file': 'BoundedKrishnamurthyNumber/BoundedKrishnamurthyNumber_M3.java', 'from_line': 21, 'from_condition': 'sum >= original', 'outcome': 'true', 'to_line': None, 'to_condition': None, 'region_lines': [22], 'region_size': 1, 'risk_score': 0.9779411764705882, 'base_risk_score': 0.9779411764705882, 'pass_count': 3, 'fail_count': 133, 'support_count': 1, 'best_raw_rank': 1, 'original_rank': 1, 'rank': 1}, {'kind': 'edge_partition', 'source_file': 'BoundedKrishnamurthyNumber/BoundedKrishnamurthyNumber_M3.java', 'from_line': 13, 'from_condition': 'factor <= digit', 'outcome': 'true', 'to_line': 13, 'to_condition': 'factor <= digit', 'region_lines': [14, 15], 'region_size': 2, 'risk_score': 0.7916666666666666, 'base_risk_score': 0.7916666666666666, 'pass_count': 35, 'fail_count': 133, 'support_count': 1, 'best_raw_rank': 2, 'original_rank': 2, 'rank': 2}, {'kind': 'condition', 'source_file': 'BoundedKrishnamurthyNumber/BoundedKrishnamurthyNumber_M3.java', 'line': 9, 'condition': 'number > 0', 'region_lines': [9], 'region_size': 1, 'risk_score': 0.7777777777777778, 'pass_count': 38, 'fail_count': 133, 'support_count': 1, 'best_raw_rank': 1, 'original_rank': 1, 'rank': 3}]"
3,170,/Users/jiazedong/WorkSpace/ZedResearch/CSC_EXT/project/CSC_EXPANDED/experiments/EX_CSC_dataset/rq_extension_a/RQ3-fault-localization/folded-replay-v2/artifacts/RQ3-fault-localization/BoundedKrishnamurthyNumber_M4/cct_folded_localization_aggregated.json,10,5,5,statement,data-flow,BoundedKrishnamurthyNumber_M4,CR,BoundedKrishnamurthyNumber/BoundedKrishnamurthyNumber_M4.java,11,,coverage_x_purity,ochiai,evaluated,experimental.unified_folded_source_candidate,BoundedKrishnamurthyNumber,1,False,[7],False,[9],2,False,"[7, 8]",False,"[9, 24]",3,False,"[7, 8, 9]",False,"[9, 13, 24]","[{'kind': 'condition', 'source_file': 'BoundedKrishnamurthyNumber/BoundedKrishnamurthyNumber_M4.java', 'line': 9, 'condition': 'number > 0', 'region_lines': [9], 'region_size': 1, 'risk_score': 0.017543859649122806, 'pass_count': 168, 'fail_count': 3, 'support_count': 1, 'best_raw_rank': 1, 'original_rank': 1, 'rank': 1}, {'kind': 'edge_partition', 'source_file': 'BoundedKrishnamurthyNumber/BoundedKrishnamurthyNumber_M4.java', 'from_line': 21, 'from_condition': 'sum == original', 'outcome': 'false', 'to_line': None, 'to_condition': None, 'region_lines': [24], 'region_size': 1, 'risk_score': 0.017543859649122806, 'base_risk_score': 0.017543859649122806, 'pass_count': 168, 'fail_count': 3, 'support_count': 1, 'best_raw_rank': 1, 'original_rank': 1, 'rank': 2}, {'kind': 'condition', 'source_file': 'BoundedKrishnamurthyNumber/BoundedKrishnamurthyNumber_M4.java', 'line': 13, 'condition': 'factor <= digit', 'region_lines': [13], 'region_size': 1, 'risk_score': 0.017543859649122806, 'pass_count': 168, 'fail_count': 3, 'support_count': 1, 'best_raw_rank': 2, 'original_rank': 2, 'rank': 3}]"
2,171,/Users/jiazedong/WorkSpace/ZedResearch/CSC_EXT/project/CSC_EXPANDED/experiments/EX_CSC_dataset/rq_extension_a/RQ3-fault-localization/folded-replay-v2/artifacts/RQ3-fault-localization/BoundedKrishnamurthyNumber_M5/cct_folded_localization_aggregated.json,10,5,5,statement,data-flow,BoundedKrishnamurthyNumber_M5,AOR,BoundedKrishnamurthyNumber/BoundedKrishnamurthyNumber_M5.java,14,,coverage_x_purity,ochiai,evaluated,experimental.unified_folded_source_candidate,BoundedKrishnamurthyNumber,2,True,"[14, 15]",True,"[14, 15]",3,True,"[14, 15, 24]",True,"[14, 15, 24]",4,True,"[7, 14, 15, 24]",True,"[9, 14, 15, 24]","[{'kind': 'edge_partition', 'source_file': 'BoundedKrishnamurthyNumber/BoundedKrishnamurthyNumber_M5.java', 'from_line': 13, 'from_condition': 'factor <= digit', 'outcome': 'true', 'to_line': 13, 'to_condition': 'factor <= digit', 'region_lines': [14, 15], 'region_size': 2, 'risk_score': 0.011904761904761904, 'base_risk_score': 0.011904761904761904, 'pass_count': 166, 'fail_count': 2, 'support_count': 1, 'best_raw_rank': 1, 'original_rank': 1, 'rank': 1}, {'kind': 'edge_partition', 'source_file': 'BoundedKrishnamurthyNumber/BoundedKrishnamurthyNumber_M5.java', 'from_line': 21, 'from_condition': 'sum == original', 'outcome': 'false', 'to_line': None, 'to_condition': None, 'region_lines': [24], 'region_size': 1, 'risk_score': 0.011764705882352941, 'base_risk_score': 0.011764705882352941, 'pass_count': 168, 'fail_count': 2, 'support_count': 1, 'best_raw_rank': 2, 'original_rank': 2, 'rank': 2}, {'kind': 'condition', 'source_file': 'BoundedKrishnamurthyNumber/BoundedKrishnamurthyNumber_M5.java', 'line': 9, 'condition': 'number > 0', 'region_lines': [9], 'region_size': 1, 'risk_score': 0.011695906432748537, 'pass_count': 169, 'fail_count': 2, 'support_count': 1, 'best_raw_rank': 1, 'original_rank': 1, 'rank': 3}]"
3,170,/Users/jiazedong/WorkSpace/ZedResearch/CSC_EXT/project/CSC_EXPANDED/experiments/EX_CSC_dataset/rq_extension_a/RQ3-fault-localization/folded-replay-v2/artifacts/RQ3-fault-localization/BoundedKrishnamurthyNumber_M6/cct_folded_localization_aggregated.json,10,5,5,statement,data-flow,BoundedKrishnamurthyNumber_M6,AOR,BoundedKrishnamurthyNumber/BoundedKrishnamurthyNumber_M6.java,17,,coverage_x_purity,ochiai,evaluated,experimental.unified_folded_source_candidate,BoundedKrishnamurthyNumber,1,False,[7],False,[9],2,False,"[7, 8]",False,"[9, 24]",3,False,"[7, 8, 9]",False,"[9, 13, 24]","[{'kind': 'condition', 'source_file': 'BoundedKrishnamurthyNumber/BoundedKrishnamurthyNumber_M6.java', 'line': 9, 'condition': 'number > 0', 'region_lines': [9], 'region_size': 1, 'risk_score': 0.017543859649122806, 'pass_count': 168, 'fail_count': 3, 'support_count': 1, 'best_raw_rank': 1, 'original_rank': 1, 'rank': 1}, {'kind': 'edge_partition', 'source_file': 'BoundedKrishnamurthyNumber/BoundedKrishnamurthyNumber_M6.java', 'from_line': 21, 'from_condition': 'sum == original', 'outcome': 'false', 'to_line': None, 'to_condition': None, 'region_lines': [24], 'region_size': 1, 'risk_score': 0.017543859649122806, 'base_risk_score': 0.017543859649122806, 'pass_count': 168, 'fail_count': 3, 'support_count': 1, 'best_raw_rank': 1, 'original_rank': 1, 'rank': 2}, {'kind': 'condition', 'source_file': 'BoundedKrishnamurthyNumber/BoundedKrishnamurthyNumber_M6.java', 'line': 13, 'condition': 'factor <= digit', 'region_lines': [13], 'region_size': 1, 'risk_score': 0.017543859649122806, 'pass_count': 168, 'fail_count': 3, 'support_count': 1, 'best_raw_rank': 2, 'original_rank': 2, 'rank': 3}]"
